"store_type","sum_sales_amount","percentage_of_sales","order_count"
"Local",4200344.269999872,65.01947512674651,"78409"
"Super Store",1045045.1899999839,16.17683822319929,"19276"
"Mall Kiosk",705645.8999999899,10.923087036230342,"13142"
"Outlet",508029.4100000014,7.864071005577788,"9207"
"Web Portal",1067.7700000000002,0.016528608250506154,"43"
